university,dept_name,urls,notes,pilot
Cornell University,Computer Science,"[""https://www.cs.cornell.edu/people""]",General people page — faculty mixed with postdocs and staff; filter by title at parse time,True
University of Illinois Urbana-Champaign,Computer Science (Siebel School of Computing and Data Science from 2024),"[""https://cs.illinois.edu/about/people/all-faculty/department-faculty"", ""http://www.cs.uiuc.edu/people/faculty"", ""http://cs.uiuc.edu/people/faculty""]",Old domain cs.uiuc.edu used before ~2009 university rebrand to Illinois; renamed Siebel School 2024,True
Indiana University,"Computer Science (Luddy School of Informatics, Computing, and Engineering)","[""https://cs.indiana.edu/people/index.html"", ""http://www.cs.indiana.edu/People/"", ""http://www.cs.indiana.edu/people/"", ""https://www.soic.indiana.edu/faculty/index.html""]",CS within Luddy School (renamed from SOIC 2019); old domain cs.indiana.edu stable; soic.indiana.edu for 2010s era,True
University of Texas at Austin,Computer Science,"[""https://www.cs.utexas.edu/people""]","General people page — includes faculty, research scientists, postdocs; filter by title at parse time",True
University of Wisconsin-Madison,Computer Sciences,"[""https://www.cs.wisc.edu/people/faculty"", ""https://www.cs.wisc.edu/people/"", ""http://www.cs.wisc.edu/people/faculty""]",Faculty list at /people/faculty; original scrape mistakenly used /people/pb (Paul Barford bio page) — corrected,True
Purdue University,Computer Science,"[""https://cs.purdue.edu/people/faculty/index.html"", ""http://www.cs.purdue.edu/people/faculty/index.html"", ""http://www.cs.purdue.edu/people/faculty/""]",Primary URL lacks www. prefix; old snapshots likely under www.cs.purdue.edu,True
Georgia Institute of Technology,School of Computer Science,"[""https://scs.gatech.edu/people/faculty"", ""http://www.cc.gatech.edu/people/faculty""]",SCS within College of Computing; old snapshots likely under cc.gatech.edu before SCS separation,True
University of Maryland,Computer Science,"[""https://www.cs.umd.edu/people/faculty"", ""https://www.cs.umd.edu/people""]","General people page — includes faculty, postdocs, staff; filter by title at parse time",True
Brown University,Computer Science,"[""https://www.cs.brown.edu/people/faculty/""]",,True
Carnegie Mellon University,Computer Science (School of Computer Science),"[""https://www.cs.cmu.edu/people/faculty"", ""http://www.cs.cmu.edu/~faculty/"", ""http://www.csd.cs.cmu.edu/people""]",SCS houses multiple depts; filtering to CSD. Old directory at ~faculty/,True
Massachusetts Institute of Technology,Computer Science (EECS / CSAIL),"[""https://www.eecs.mit.edu/people/"", ""https://www.eecs.mit.edu/role/faculty/"", ""https://www.eecs.mit.edu/role/faculty-cs/"", ""http://www.eecs.mit.edu/faculty/"", ""https://www.csail.mit.edu/people"", ""http://www.ai.mit.edu/people/"", ""http://www.csail.mit.edu/biographies/""]",EECS dept is primary home for CS faculty; eecs.mit.edu added 2026 — better Wayback coverage than CSAIL; CSAIL formed 2003 from AI Lab + LCS,True
University of California San Diego,Computer Science and Engineering,"[""https://cse.ucsd.edu/faculty"", ""http://www-cse.ucsd.edu/people/faculty"", ""http://www.cse.ucsd.edu/people/faculty"", ""http://www-cse.ucsd.edu/"", ""http://www.cse.ucsd.edu/""]",UC system likely Drupal; old domain was www-cse.ucsd.edu (note hyphen); base domains added for CDX wildcard coverage,True
Columbia University,Computer Science,"[""https://www.cs.columbia.edu/people/faculty/"", ""http://www.cs.columbia.edu/people/faculty/"", ""http://www.cs.columbia.edu/~faculty/""]",Standalone CS dept in Fu Foundation School of Engineering; /people/ is nav-only hub — actual faculty list at /people/faculty/,True
Duke University,Computer Science,"[""https://cs.duke.edu/people/"", ""https://cs.duke.edu/people/faculty"", ""http://www.cs.duke.edu/faculty/"", ""http://www.cs.duke.edu/people/faculty/"", ""http://www.cs.duke.edu/people/""]",Standalone CS dept in Trinity College of Arts and Sciences; /people/ path added for broader Wayback coverage,True
University of Massachusetts Amherst,College of Information and Computer Sciences,"[""https://www.cics.umass.edu/people/faculty"", ""http://www.cs.umass.edu/csinfo/people/faculty"", ""http://www.cs.umass.edu/faculty/""]",Became standalone CICS college 2012; before was CS dept; domain cs.umass.edu → cics.umass.edu,True
University of North Carolina Chapel Hill,Computer Science,"[""https://cs.unc.edu/people/faculty/"", ""http://www.cs.unc.edu/~faculty/"", ""http://www.cs.unc.edu/people/faculty/""]",Standalone CS dept; old directory used ~faculty/ tilde paths,True
Rice University,Computer Science,"[""https://cs.rice.edu/people"", ""http://www.cs.rice.edu/CS/Faculty/"", ""http://cs.rice.edu/CS/Faculty/"", ""http://compsci.rice.edu/people.cfm?doc_id=3460"", ""https://www.cs.rice.edu/faculty""]",Small CS dept; expected clean static HTML for early years,True
Rutgers University,Computer Science,"[""https://www.cs.rutgers.edu/people/faculty-members"", ""http://www.cs.rutgers.edu/faculty/"", ""http://cs.rutgers.edu/research/faculty/"", ""http://www.cs.rutgers.edu/""]",New Brunswick campus; large public R1,True
Ohio State University,Computer Science and Engineering,"[""https://cse.osu.edu/people/faculty"", ""http://www.cse.ohio-state.edu/people/faculty"", ""http://www.cis.ohio-state.edu/faculty.html"", ""http://www.cis.ohio-state.edu/"", ""http://www.cse.ohio-state.edu/""]",Combined CSE dept; even older domain was cis.ohio-state.edu; base domains added for CDX wildcard coverage,True
Penn State University,Computer Science and Engineering,"[""https://www.cse.psu.edu/people/faculty"", ""http://www.cse.psu.edu/faculty/"", ""http://www.cse.psu.edu/research/faculty/"", ""http://www.cse.psu.edu/""]",CSE dept at University Park campus; base domain added for CDX wildcard coverage,True
Virginia Tech,Computer Science,"[""https://cs.vt.edu/people/faculty.html"", ""http://www.cs.vt.edu/people/faculty.html"", ""http://cs.vt.edu/faculty/"", ""http://www.cs.vt.edu/""]",Standalone CS dept; expected clean table-based HTML for older years; base domain added for CDX wildcard coverage,True
North Carolina State University,Computer Science,"[""https://csc.ncsu.edu/group/faculty/"", ""https://csc.ncsu.edu/group/faculty/professors/"", ""https://csc.ncsu.edu/directories/faculty.php""]",group/faculty/ and /faculty/ are redirect-only in Wayback; actual table-based content at /directories/faculty.php,True
University of Florida,Computer and Information Science and Engineering,"[""https://cise.ufl.edu/people/faculty/"", ""https://www.cise.ufl.edu/research/faculty/"", ""http://www.cise.ufl.edu/people/faculty/"", ""http://cise.ufl.edu/research/faculty/""]",CISE dept; research/faculty sub-page covers tenure-track faculty,True
Stony Brook University,Computer Science,"[""https://www.cs.stonybrook.edu/people/faculty"", ""http://www.cs.sunysb.edu/people/faculty/"", ""http://www.cs.sunysb.edu/faculty/"", ""http://www.cs.stonybrook.edu/about-us/People/Faculty"", ""http://www.cs.sunysb.edu/research/faculty/""]",SUNY system; old domain cs.sunysb.edu (pre-2013 rebrand); /people/faculty/ added on old domain for historical coverage,True
University of Pittsburgh,Computer Science,"[""https://www.cs.pitt.edu/people/faculty"", ""http://www.cs.pitt.edu/faculty/"", ""http://cs.pitt.edu/people/faculty/""]",Standalone CS dept in School of Computing and Information,True
University of Arizona,Computer Science,"[""https://cs.arizona.edu/people/faculty"", ""http://www.cs.arizona.edu/people/faculty/"", ""http://cs.arizona.edu/faculty/""]",Standalone CS dept; expected clean HTML faculty pages,True
University of California Los Angeles,Computer Science,"[""https://www.cs.ucla.edu/people/faculty/"", ""http://www.cs.ucla.edu/faculty/"", ""http://cs.ucla.edu/people/faculty/""]",UC system; standalone CS dept in Henry Samueli School of Engineering,True
University of Utah,Computer Science,"[""https://www.cs.utah.edu/research/faculty/"", ""http://www.cs.utah.edu/research/faculty/"", ""http://www.cs.utah.edu/people/faculty/""]",Standalone CS dept; historically strong graphics and systems,True
University of Colorado Boulder,Computer Science,"[""https://www.colorado.edu/cs/people/faculty"", ""http://www.cs.colorado.edu/people/faculty/"", ""http://cs.colorado.edu/people/faculty/""]",Dept URL moved from cs.colorado.edu to colorado.edu/cs,True
University of Rochester,Computer Science,"[""https://www.cs.rochester.edu/people/faculty/"", ""http://www.cs.rochester.edu/u/faculty/"", ""http://cs.rochester.edu/people/faculty/""]",Standalone CS dept; old directory used ~faculty/ tilde paths,True
Dartmouth College,Computer Science,"[""https://web.cs.dartmouth.edu/people"", ""https://web.cs.dartmouth.edu/people/faculty"", ""http://www.cs.dartmouth.edu/faculty.html"", ""http://www.cs.dartmouth.edu/people/faculty/""]",Small Ivy CS dept; domain www.cs.dartmouth.edu → web.cs.dartmouth.edu,True
Johns Hopkins University,Computer Science,"[""https://www.cs.jhu.edu/people/"", ""http://www.cs.jhu.edu/~faculty/"", ""http://cs.jhu.edu/people/faculty/"", ""http://www.cs.jhu.edu/people_f.html"", ""http://www.cs.jhu.edu/people_rf.html"", ""http://www.cs.jhu.edu/people_ap.html""]",Standalone CS dept in Whiting School of Engineering,True
University of Minnesota,Computer Science and Engineering,"[""https://cse.umn.edu/cs/faculty"", ""http://www.cs.umn.edu/research/faculty/"", ""http://www.cs.umn.edu/directory/faculty.html""]",CS within CSE dept at Twin Cities campus,True
Michigan State University,Computer Science and Engineering,"[""https://www.cse.msu.edu/people/faculty/"", ""http://www.cse.msu.edu/people/faculty/"", ""http://www.cse.msu.edu/~cse_tech/faculty/"", ""http://cse.msu.edu/people/faculty/""]",Combined CSE dept; ~cse_tech/faculty/ legacy; http(s)://www.cse.msu.edu/people/faculty/ are the same page (CDX may canonicalize to :80),True
University of Washington,Computer Science and Engineering (Paul G. Allen School),"[""https://www.cs.washington.edu/people/faculty/"", ""http://www.cs.washington.edu/research/faculty/"", ""http://www.cs.washington.edu/people/""]",Top-ranked program; Allen School; old snapshots at www.cs.washington.edu,True
University of Virginia,Computer Science,"[""https://engineering.virginia.edu/departments/computer-science/faculty"", ""http://www.cs.virginia.edu/people/faculty/"", ""http://www.cs.virginia.edu/~faculty/"", ""http://www.cs.virginia.edu/people/"", ""http://www.cs.virginia.edu/people/faculty.html""]",CS in Engineering; old domain www.cs.virginia.edu; URL moved to engineering.virginia.edu,True
Stanford University,Computer Science,"[""https://www.cs.stanford.edu/people"", ""http://www-cs-faculty.stanford.edu/"", ""http://www.cs.stanford.edu/faculty.html""]",Top-ranked program; old tilde-style faculty list at www-cs-faculty.stanford.edu,True
UC Berkeley,Electrical Engineering and Computer Sciences (EECS),"[""https://www2.eecs.berkeley.edu/Faculty/Lists/CS/faculty.html"", ""https://www2.eecs.berkeley.edu/Faculty/Lists/faculty.html"", ""https://eecs.berkeley.edu/research/faculty/"", ""http://www.eecs.berkeley.edu/Faculty/"", ""http://www.cs.berkeley.edu/people/faculty/"", ""http://www.eecs.berkeley.edu/Faculty/Lists/CS/list.shtml""]",EECS dept; CS and EE share faculty; old domain www.cs.berkeley.edu,True
University of Michigan,Electrical Engineering and Computer Science (EECS),"[""https://cse.engin.umich.edu/people/faculty/"", ""http://www.eecs.umich.edu/eecs/faculty/"", ""http://www.cse.umich.edu/~CSE/""]",EECS dept; CSE section within EECS; both eecs.umich.edu and cse.umich.edu domains used,True
Harvard University,Computer Science (SEAS / EECS),"[""https://www.seas.harvard.edu/computer-science/faculty"", ""http://www.eecs.harvard.edu/people/"", ""http://www.eecs.harvard.edu/research/"", ""http://www.deas.harvard.edu/people/faculty/"", ""http://www.eecs.harvard.edu/"", ""http://www.deas.harvard.edu/"", ""http://www.seas.harvard.edu/ourfaculty/viewalpha/index.html""]",EECS dept within SEAS; old domain was DEAS before ~2007; base domains added for CDX wildcard coverage,True
Northwestern University,Computer Science,"[""https://www.mccormick.northwestern.edu/computer-science/people/faculty/"", ""http://www.cs.northwestern.edu/people/faculty.html"", ""http://www.eecs.northwestern.edu/faculty/"", ""http://www.cs.northwestern.edu/""]",CS within McCormick School; old domain www.cs.northwestern.edu; EECS umbrella in some eras,True
New York University,Computer Science (Courant / Tandon),"[""https://cs.nyu.edu/dynamic/people/faculty/"", ""https://cs.nyu.edu/dynamic/people/researchers/"", ""https://cs.nyu.edu/dynamic/people/phd_students/"", ""https://cs.nyu.edu/dynamic/people/staff/"", ""http://www.cs.nyu.edu/faculty/"", ""http://cs.nyu.edu/cs/full-faculty.html""]","Courant Institute CS; /dynamic/people/ has separate pages for faculty, researchers, phd_students, staff — all scraped via alt_urls",True
Yale University,Computer Science,"[""https://cpsc.yale.edu/people/faculty"", ""https://cpsc.yale.edu/people"", ""http://www.cs.yale.edu/people/faculty.html"", ""http://www.cs.yale.edu/people/"", ""http://www.cs.yale.edu/faculty/""]",Dept code CPSC; old domain www.cs.yale.edu (pre-2013); moved to cpsc.yale.edu; /people paths added for broader Wayback coverage,True
University of Pennsylvania,Computer and Information Science,"[""https://directory.seas.upenn.edu/computer-and-information-science/"", ""https://www.cis.upenn.edu/people/faculty/"", ""http://www.cis.upenn.edu/index.php/people/"", ""http://www.cis.upenn.edu/faculty/"", ""http://www.cis.upenn.edu/""]",CIS dept in SEAS; www.cis.upenn.edu domain stable; older pages used index.php; base domain added for CDX wildcard coverage,True
University of Chicago,Computer Science,"[""https://cs.uchicago.edu/people/faculty/"", ""http://www.cs.uchicago.edu/people/faculty/"", ""http://www.cs.uchicago.edu/faculty/""]",Standalone CS dept; cs.uchicago.edu; historically strong theory group,True
UC Santa Barbara,Computer Science,"[""https://www.cs.ucsb.edu/people/faculty"", ""http://www.cs.ucsb.edu/research/faculty/"", ""http://www.cs.ucsb.edu/people/""]",UC system; cs.ucsb.edu domain stable; strong networking and security groups,True
UC Irvine,Computer Science (Donald Bren School of ICS),"[""https://www.ics.uci.edu/faculty/"", ""http://www.ics.uci.edu/people/faculty/"", ""http://www.cs.uci.edu/faculty/""]",ICS school; CS + informatics + stats share faculty list; www.ics.uci.edu domain,True
UC Davis,Computer Science,"[""https://cs.ucdavis.edu/people"", ""https://www.cs.ucdavis.edu/research/faculty/"", ""http://www.cs.ucdavis.edu/people/faculty/"", ""http://www.cs.ucdavis.edu/faculty/""]",UC system; cs.ucdavis.edu domain stable; research/faculty subpage used,True
University of Southern California,Computer Science (Viterbi School),"[""https://www.cs.usc.edu/directory/faculty/"", ""https://www.cs.usc.edu/research/faculty/"", ""http://www.cs.usc.edu/people/faculty/"", ""http://www.usc.edu/dept/cs/faculty/""]",CS in Viterbi School; www.cs.usc.edu domain; research/faculty subpage covers tenure-track,True
University of Oregon,Computer Science,"[""https://cas.uoregon.edu/directory/computer-and-data-sciences"", ""https://www.cs.uoregon.edu/people/faculty/"", ""http://www.cs.uoregon.edu/research/faculty/"", ""http://www.cs.uoregon.edu/faculty/""]",Dept now part of School of Computer and Data Sciences (SCDS); faculty dir moved to cas.uoregon.edu,True
Oregon State University,Electrical Engineering and Computer Science,"[""https://engineering.oregonstate.edu/EECS/About/People"", ""https://eecs.oregonstate.edu/research/people/faculty/"", ""http://www.cs.orst.edu/faculty/"", ""http://www.eecs.oregonstate.edu/faculty/""]",EECS dept; old domain was cs.orst.edu before rename to oregonstate.edu/eecs,True
Washington State University,Electrical Engineering and Computer Science,"[""https://school.eecs.wsu.edu/faculty/"", ""https://school.eecs.wsu.edu/people/faculty/"", ""http://www.eecs.wsu.edu/people/faculty/"", ""http://www.cs.wsu.edu/people/faculty/""]",EECS school; older domains include www.cs.wsu.edu and www.eecs.wsu.edu,True
University of Nevada Las Vegas,Computer Science,"[""https://www.unlv.edu/cs/about/faculty"", ""http://www.cs.unlv.edu/people/faculty/"", ""http://www.cs.unlv.edu/faculty/"", ""http://www.cs.unlv.edu/""]",CS in Consolidated School of Engineering; old domain www.cs.unlv.edu; base domain added for CDX wildcard coverage,True
University of Nevada Reno,Computer Science and Engineering,"[""https://www.cse.unr.edu/research/faculty/"", ""http://www.cse.unr.edu/faculty/"", ""http://www.cs.unr.edu/faculty/"", ""http://www.cse.unr.edu/"", ""http://www.cs.unr.edu/"", ""http://www.unr.edu/cse/people/faculty""]",CSE dept; cse.unr.edu domain; old alt was cs.unr.edu; base domains added for CDX wildcard coverage,True
Colorado State University,Computer Science,"[""https://www.cs.colostate.edu/people/faculty/"", ""http://www.cs.colostate.edu/faculty/"", ""http://www.cs.colostate.edu/"", ""http://www.engr.colostate.edu/ece/facultystaff/index.cfm""]",Standalone CS dept; cs.colostate.edu domain stable across eras,True
Iowa State University,Computer Science,"[""https://www.cs.iastate.edu/people/faculty/"", ""http://www.cs.iastate.edu/faculty/"", ""http://www.cs.iastate.edu/"", ""https://www.cs.iastate.edu/people""]",Standalone CS dept; cs.iastate.edu domain stable; large land-grant R1,True
University of Iowa,Computer Science,"[""https://cs.uiowa.edu/people/faculty/"", ""http://www.cs.uiowa.edu/people/faculty/"", ""http://www.cs.uiowa.edu/faculty/""]",Standalone CS dept; cs.uiowa.edu domain; public flagship R1,True
University of Nebraska-Lincoln,Computer Science and Engineering,"[""https://computing.unl.edu/faculty-staff/"", ""https://computing.unl.edu/faculty-research-directory/"", ""https://computing.unl.edu/directory/"", ""https://cse.unl.edu/people/faculty/"", ""http://www.cse.unl.edu/people/"", ""http://www.cse.unl.edu/research/faculty/"", ""http://www.cse.unl.edu/""]",Dept renamed to School of Computing 2023; computing.unl.edu is new domain; faculty-research-directory added 2026; old cse.unl.edu still archived,True
Kansas State University,Computer Science,"[""https://www.cs.ksu.edu/about/people/faculty/"", ""https://www.cs.ksu.edu/people/faculty/"", ""http://www.cis.ksu.edu/content/faculty/"", ""http://www.cis.ksu.edu/faculty/""]",CS dept; old domain was cis.ksu.edu (Computing and Information Sciences) before rebrand,True
University of Kansas,Electrical Engineering and Computer Science,"[""https://www.eecs.ku.edu/people/faculty/"", ""http://www.eecs.ku.edu/faculty/"", ""http://www.ittc.ku.edu/faculty/""]",EECS dept; eecs.ku.edu domain; ITTC (IT&T Center) also hosted faculty lists,True
University of Missouri,Electrical Engineering and Computer Science,"[""https://engineering.missouri.edu/departments/eecs/eecs-faculty/"", ""https://eecs.missouri.edu/people/faculty/"", ""http://www.cs.missouri.edu/people/faculty/"", ""http://www.cs.missouri.edu/faculty/"", ""http://www.cs.missouri.edu/""]",CS merged into EECS dept; old domain www.cs.missouri.edu; Columbia campus; base domain added for CDX wildcard coverage,True
University of Kentucky,Computer Science,"[""https://cs.engr.uky.edu/people-4"", ""https://www.cs.uky.edu/people/faculty/"", ""http://www.cs.uky.edu/faculty/"", ""http://www.engr.uky.edu/research/academics/departments/cs/""]",CS in College of Engineering; cs.uky.edu domain; old snapshots may be under engr.uky.edu,True
Wayne State University,Computer Science,"[""https://engineering.wayne.edu/computer-science/faculty"", ""https://cs.wayne.edu/people/faculty/"", ""http://www.cs.wayne.edu/people/faculty/"", ""http://www.cs.wayne.edu/faculty/"", ""http://www.cs.wayne.edu/""]","Urban R1; cs.wayne.edu domain; Detroit, Michigan; base domain added for CDX wildcard coverage",True
University of Notre Dame,Computer Science and Engineering,"[""https://cse.nd.edu/people/faculty/"", ""http://www.cse.nd.edu/people/faculty/"", ""http://www.cse.nd.edu/research/faculty/""]",CSE dept in College of Engineering; cse.nd.edu domain stable,True
Texas A&M University,Computer Science and Engineering,"[""https://engineering.tamu.edu/cse/profiles/index.html#Research%20Staff"", ""http://www.cse.tamu.edu/research/faculty/"", ""http://www.cs.tamu.edu/faculty/""]",CSE dept in College of Engineering; cse.tamu.edu domain; College Station campus,True
University of Houston,Computer Science,"[""https://www.uh.edu/nsm/computer-science/people/faculty/index.php"", ""https://www.cs.uh.edu/people/faculty/"", ""http://www.cs.uh.edu/faculty/"", ""http://www.uh.edu/nsm/computer-science/faculty/""]",CS in NSM (Natural Sciences and Mathematics); cs.uh.edu domain,True
University of Texas at Dallas,Computer Science,"[""https://cs.utdallas.edu/people/faculty/"", ""http://www.cs.utdallas.edu/people/faculty/"", ""http://www.utdallas.edu/~faculty/cs/""]",Standalone CS dept; cs.utdallas.edu domain; UTD grew rapidly in 2000s,True
University of Texas at Arlington,Computer Science and Engineering,"[""https://www.uta.edu/academics/schools-colleges/engineering/academics/departments/cse/faculty-directory"", ""https://www.uta.edu/academics/schools-colleges/engineering/departments/cse/people/faculty"", ""http://www.cse.uta.edu/people/faculty/"", ""http://www.cse.uta.edu/faculty/""]",CSE dept in College of Engineering; old domain www.cse.uta.edu,True
Texas Tech University,Computer Science,"[""https://www.depts.ttu.edu/cs/people/faculty/"", ""http://www.cs.ttu.edu/people/faculty/"", ""http://www.cs.ttu.edu/faculty/""]",CS in College of Engineering; depts.ttu.edu/cs path; old domain www.cs.ttu.edu,True
University of Oklahoma,Computer Science,"[""https://www.ou.edu/coe/cs/people/faculty"", ""http://www.cs.ou.edu/faculty/"", ""http://www.ou.edu/~cs/faculty/""]",CS in Gallogly College of Engineering; cs.ou.edu domain,True
Oklahoma State University,Computer Science,"[""https://cas.okstate.edu/computer_science/about_us/faculty_staff.html"", ""https://www.cs.okstate.edu/people/faculty/"", ""http://www.cs.okstate.edu/faculty/"", ""http://www.eecs.okstate.edu/people/faculty/"", ""http://www.cs.okstate.edu/""]",CS in Stillwater; old EECS umbrella domain also used; base domain added for CDX wildcard coverage,True
Louisiana State University,Computer Science,"[""https://www.csc.lsu.edu/people/faculty/"", ""http://www.csc.lsu.edu/people/"", ""http://www.cse.lsu.edu/people/faculty/"", ""https://www.lsu.edu/eng/cse/people/faculty/index.php""]",CS (csc) dept; csc.lsu.edu domain; older pages may be under cse.lsu.edu,True
University of Tennessee,Electrical Engineering and Computer Science,"[""https://eecs.utk.edu/faculty/"", ""https://www.eecs.utk.edu/people/faculty/"", ""http://www.cs.utk.edu/people/faculty/"", ""http://www.cs.utk.edu/faculty/""]",EECS dept; Knoxville campus; old CS-only domain www.cs.utk.edu,True
Vanderbilt University,Computer Science,"[""https://engineering.vanderbilt.edu/people/computer-science/"", ""https://www.cs.vanderbilt.edu/people/faculty/"", ""http://www.vuse.vanderbilt.edu/~cs/faculty/"", ""http://www.eecs.vanderbilt.edu/people/faculty/"", ""http://www.cs.vanderbilt.edu/"", ""http://www.eecs.vanderbilt.edu/""]",CS in School of Engineering; old path used VUSE; base domains added for CDX wildcard coverage,True
Clemson University,Computer Science,"[""https://www.clemson.edu/cecas/departments/computing/people/"", ""https://www.clemson.edu/science/departments/cs/people/faculty.html"", ""http://www.cs.clemson.edu/people/faculty/"", ""http://www.cs.clemson.edu/faculty/"", ""http://www.cs.clemson.edu/"", ""http://clemson.edu/computing/faculty.php""]",CS in College of Science; old domain www.cs.clemson.edu; base domain added for CDX wildcard coverage,True
University of Alabama,Computer Science,"[""https://www.cs.ua.edu/people/faculty/"", ""http://www.cs.ua.edu/faculty/"", ""http://cs.ua.edu/people/faculty/"", ""http://www.cs.ua.edu/"", ""https://eng.ua.edu/departments/computer-science/"", ""http://cs.ua.edu/people/researchfaculty.asp"", ""http://cs.ua.edu/people/index.asp"", ""http://cs.ua.edu/staff.html""]",CS in College of Engineering; cs.ua.edu domain; Tuscaloosa campus; base domain added for CDX wildcard coverage,True
Auburn University,Computer Science and Software Engineering,"[""https://eng.auburn.edu/csse/people/"", ""https://www.eng.auburn.edu/department/csse/faculty.html"", ""http://www.eng.auburn.edu/dept/csse/faculty.html"", ""http://www.cs.auburn.edu/faculty/"", ""http://www.cs.auburn.edu/"", ""http://eng.auburn.edu/programs/csse/staff/faculty.html""]",CSSE dept in Samuel Ginn College of Engineering; new URL eng.auburn.edu/csse/people/ (found Apr 2026); old faculty.html path had 0 Wayback snapshots; cs.auburn.edu old domain,True
Mississippi State University,Computer Science and Engineering,"[""https://www.cs.msstate.edu/people/faculty/"", ""http://www.cse.msstate.edu/people/faculty/"", ""http://www.cs.msstate.edu/faculty/""]",CSE dept; domain was cse.msstate.edu then moved to cs.msstate.edu,True
University of South Carolina,Computer Science and Engineering,"[""https://www.cse.sc.edu/research/faculty"", ""http://www.cse.sc.edu/people/faculty/"", ""http://www.cs.sc.edu/faculty/"", ""http://www.cse.sc.edu/"", ""http://www.cs.sc.edu/""]",CSE dept in College of Engineering; cse.sc.edu domain; old cs.sc.edu; base domains added for CDX wildcard coverage,True
University of Central Florida,Computer Science,"[""https://www.cs.ucf.edu/people/faculty/"", ""http://www.cs.ucf.edu/faculty/"", ""http://www.eecs.ucf.edu/people/faculty/""]",CS in CECS; large program; cs.ucf.edu domain; strong growth post-2000,True
Florida State University,Computer Science,"[""https://www.cs.fsu.edu/people/faculty/"", ""http://www.cs.fsu.edu/research/faculty/"", ""http://www.cs.fsu.edu/faculty/""]",Standalone CS dept; cs.fsu.edu domain stable; Tallahassee campus,True
University of South Florida,Computer Science and Engineering,"[""https://www.usf.edu/ai-cybersecurity-computing/people/faculty/index.aspx"", ""https://www.usf.edu/engineering/cse/people/faculty/"", ""http://www.cse.usf.edu/people/faculty/"", ""http://www.csee.usf.edu/people/faculty/""]","Dept now in Bellini College of AI, Cybersecurity and Computing (2025); old CSE domain still in Wayback",True
Tulane University,Computer Science,"[""https://sse.tulane.edu/cs/faculty"", ""http://www.cs.tulane.edu/people/faculty/"", ""http://www.cs.tulane.edu/faculty/"", ""http://tulane.edu/sse/faculty/departments/faculty-compsci.cfm""]",CS in SSE (School of Science and Engineering); old domain www.cs.tulane.edu,True
West Virginia University,Computer Science and Electrical Engineering,"[""https://www.csee.wvu.edu/research/people/faculty/"", ""http://www.cs.wvu.edu/people/faculty/"", ""http://www.csee.wvu.edu/people/faculty/"", ""http://www.csee.wvu.edu/"", ""http://www.cs.wvu.edu/"", ""http://www.lcsee.cemr.wvu.edu/faculty/directory.php"", ""http://www.statler.wvu.edu/faculty/directory.php?order=Alpha"", ""http://www.cemr.wvu.edu/faculty/directory.php?dept=2&type=faculty&deptabbr=Lane+Department""]",CSEE dept; csee.wvu.edu domain; old CS-only domain www.cs.wvu.edu; base domains added for CDX wildcard coverage,True
Drexel University,Computer Science,"[""https://drexel.edu/cci/academics/computer-science-department/faculty/"", ""https://drexel.edu/cci/research/cs-department/faculty/"", ""http://www.cs.drexel.edu/about/faculty/"", ""http://www.cs.drexel.edu/faculty/"", ""http://www.cs.drexel.edu/""]",CS in CCI (College of Computing and Informatics); old domain www.cs.drexel.edu; base domain added for CDX wildcard coverage,True
Temple University,Computer and Information Sciences,"[""https://www.cis.temple.edu/people/faculty/"", ""http://www.cis.temple.edu/faculty/"", ""http://www.cis.temple.edu/~faculty/""]",CIS dept in College of Science and Technology; cis.temple.edu domain,True
Lehigh University,Computer Science and Engineering,"[""https://www.cse.lehigh.edu/about/faculty/"", ""http://www.cse.lehigh.edu/faculty/"", ""http://www.cse.lehigh.edu/~faculty/"", ""http://www.cse.lehigh.edu/"", ""http://www.cse.lehigh.edu/people/directory.html""]",CSE dept; cse.lehigh.edu domain; private R1 in Bethlehem PA; base domain added for CDX wildcard coverage,True
George Mason University,Computer Science,"[""https://cs.gmu.edu/about/faculty/"", ""http://www.cs.gmu.edu/~faculty/"", ""http://www.cs.gmu.edu/people/faculty/"", ""http://www.cs.gmu.edu/""]",CS in Volgenau School of Engineering; old tilde-style faculty list; base domain added for CDX wildcard coverage,True
Old Dominion University,Computer Science,"[""https://www.odu.edu/computer-science/about/people/faculty"", ""http://www.cs.odu.edu/~faculty/"", ""http://www.cs.odu.edu/people/faculty/"", ""http://www.cs.odu.edu/""]",CS in Batten College of Engineering; old tilde-style faculty list at cs.odu.edu; base domain added for CDX wildcard coverage,True
College of William & Mary,Computer Science,"[""https://www.wm.edu/as/computerscience/people/"", ""http://www.cs.wm.edu/people/faculty/"", ""http://www.cs.wm.edu/faculty/""]",CS in Arts and Sciences; old domain www.cs.wm.edu stable; base domain added for CDX wildcard coverage,True
George Washington University,Computer Science,"[""https://www.cs.gwu.edu/people/faculty"", ""http://www.cs.gwu.edu/faculty/"", ""http://www.gwu.edu/~eecs/faculty/""]",CS in SEAS; cs.gwu.edu domain; older pages may be under gwu.edu/~eecs,True
University of Maryland Baltimore County,Computer Science and Electrical Engineering,"[""https://www.csee.umbc.edu/people/faculty/"", ""http://www.csee.umbc.edu/faculty/"", ""http://www.cs.umbc.edu/faculty/""]",CSEE dept; csee.umbc.edu domain; UMBC known for strong CS undergrad pipeline,True
University of Delaware,Computer and Information Sciences,"[""https://www.cis.udel.edu/faculty/"", ""http://www.cis.udel.edu/people/faculty/"", ""http://www.cis.udel.edu/about/people/faculty/""]",CIS dept; cis.udel.edu domain; Newark campus,True
University of Connecticut,Computer Science and Engineering,"[""https://www.cse.uconn.edu/about/faculty/"", ""http://www.cse.uconn.edu/people/faculty/"", ""http://www.cse.uconn.edu/faculty/""]",CSE dept; cse.uconn.edu domain; Storrs campus,True
Tufts University,Computer Science,"[""https://www.cs.tufts.edu/people/faculty/"", ""http://www.cs.tufts.edu/faculty/"", ""http://www.cs.tufts.edu/"", ""http://www.cs.tufts.edu/People/faculty.html""]",CS in SEAS; cs.tufts.edu domain; private R1 in Medford MA,True
Boston University,Computer Science,"[""https://www.bu.edu/cs/people/faculty/"", ""http://www.cs.bu.edu/people/faculty/"", ""http://www.cs.bu.edu/faculty/""]",CS in Questrom/CAS; bu.edu/cs and cs.bu.edu both used; large urban R1,True
Case Western Reserve University,"Electrical, Computer, and Systems Engineering","[""https://case.edu/engineering/about/faculty-and-staff-directory"", ""https://engineering.case.edu/EECS/faculty/category/tenure-track-faculty"", ""http://www.eecs.cwru.edu/people/faculty/"", ""http://www.eecs.case.edu/faculty/""]",EECS dept; old domain eecs.cwru.edu (pre-rename); now engineering.case.edu,True
Syracuse University,Electrical Engineering and Computer Science,"[""https://www.lcs.syr.edu/people/faculty/"", ""http://www.eecs.syr.edu/people/faculty/"", ""http://www.ecs.syr.edu/faculty/cs/"", ""http://www.eecs.syr.edu/"", ""http://www.ecs.syr.edu/"", ""https://ecs.syracuse.edu/faculty-staff/?category=electrical-engineering-and-computer-science&people=""]",EECS / LCS dept; multiple domain transitions; LC Smith college; base domains added for CDX wildcard coverage,True
Rensselaer Polytechnic Institute,Computer Science,"[""https://compsci.rpi.edu/people"", ""https://www.cs.rpi.edu/people/faculty/"", ""http://www.cs.rpi.edu/people/"", ""http://www.cs.rpi.edu/faculty/"", ""http://www.cs.rpi.edu/people/faculty.html""]",CS in ECSE; cs.rpi.edu domain; Troy NY; historically strong AI group,True
University at Buffalo (SUNY),Computer Science and Engineering,"[""https://engineering.buffalo.edu/computer-science-engineering/people/faculty-directory.html"", ""http://www.cse.buffalo.edu/faculty/"", ""http://www.cse.buffalo.edu/people/faculty/""]",CSE dept in School of Engineering; cse.buffalo.edu domain; SUNY flagship,True
Binghamton University (SUNY),Computer Science,"[""https://www.binghamton.edu/computer-science/people/"", ""http://www.cs.binghamton.edu/people/faculty/"", ""http://www.cs.binghamton.edu/faculty/""]",CS in Watson School of Engineering; cs.binghamton.edu old domain,True
Worcester Polytechnic Institute,Computer Science,"[""https://www.wpi.edu/academics/departments/computer-science/faculty-staff"", ""https://www.wpi.edu/academics/departments/computer-science/people/faculty"", ""http://www.cs.wpi.edu/people/faculty/"", ""http://www.cs.wpi.edu/faculty/""]",CS dept; cs.wpi.edu old domain; private R1 in Worcester MA,True
University of Vermont,Computer Science,"[""https://www.uvm.edu/cems/cs/faculty"", ""http://www.uvm.edu/~cems/cs/"", ""http://www.cs.uvm.edu/people/faculty/"", ""http://www.cs.uvm.edu/faculty/"", ""http://www.uvm.edu/~cems/cs/?Page=employee/facstaff.php&SM=employee/_employeemenu.html"", ""http://www.uvm.edu/~cems/cs/?Page=faculty.php&SM=employee/_employeemenu.html"", ""http://www.uvm.edu/~cems/cs/?Page=employee/default.php&SM=employee/_employeemenu.html""]",CS in CEMS; ~cems/cs/ is legacy dept home (good Wayback-era path); cs.uvm.edu older faculty URLs,True
Emory University,Computer Science,"[""https://www.cs.emory.edu/people/faculty/"", ""http://www.mathcs.emory.edu/people/"", ""http://www.cs.emory.edu/faculty/""]",CS (and math) in Emory College; old domain was mathcs.emory.edu; separated later,True
University of Wyoming,Computer Science,"[""https://www.uwyo.edu/soc/people/faculty/index.html"", ""https://www.uwyo.edu/soc/people/index.html"", ""https://www.cs.uwyo.edu/research/faculty/"", ""http://www.cs.uwyo.edu/people/faculty/"", ""http://www.cs.uwyo.edu/faculty/"", ""http://cs.uwyo.edu/faculty/a-z.html"", ""http://www.cs.uwyo.edu/faculty/a-z.html""]",CS now called School of Computing (SoC) at uwyo.edu/soc; old cs.uwyo.edu domain in Wayback,True
Montana State University,Computer Science,"[""https://www.cs.montana.edu/people/faculty/"", ""http://www.cs.montana.edu/faculty/"", ""http://www.cs.montana.edu/"", ""http://www.cs.montana.edu/faculty/faculty.html""]",CS in College of Engineering; cs.montana.edu domain; Bozeman campus,True
University of Idaho,Computer Science,"[""https://directory.uidaho.edu/departments?criteria=Computer+Science+Department"", ""http://www.cs.uidaho.edu/people/faculty/"", ""http://www.cs.uidaho.edu/faculty/"", ""https://www.uidaho.edu/engr/departments/cs/our-people/faculty""]",CS in College of Engineering; cs.uidaho.edu old domain; Moscow campus,True
New Mexico State University,Computer Science,"[""https://www.cs.nmsu.edu/people/faculty/"", ""http://www.cs.nmsu.edu/faculty/"", ""http://www.nmsu.edu/~cs/faculty/"", ""https://computerscience.nmsu.edu/facultydirectory/faculty-staff-directory.html""]",cs.nmsu.edu/ homepage (HTTPS) was ~1.9KB redirect in Wayback — removed; HTTP-specific faculty paths kept,True
University of Hawaii,Information and Computer Sciences,"[""https://www.ics.hawaii.edu/people/faculty/"", ""http://www.ics.hawaii.edu/faculty/"", ""http://www.ics.hawaii.edu/""]",ICS dept; ics.hawaii.edu domain; Manoa campus; stable across eras,True
University of North Texas,Computer Science and Engineering,"[""https://engineering.unt.edu/cse/people/index.html?department=Computer+Science+and+Engineering"", ""http://www.cse.unt.edu/people/faculty/"", ""http://www.cse.unt.edu/faculty/"", ""http://www.cs.unt.edu/people/faculty.php""]",CSE dept; cse.unt.edu old domain; also cs.unt.edu; base domains added for CDX wildcard coverage,True
University of Texas at San Antonio,Computer Science,"[""https://caicc.utsa.edu/computer-science/faculty/index.html"", ""https://www.utsa.edu/sciences/computer-science/faculty/"", ""http://www.cs.utsa.edu/people/faculty/"", ""http://www.cs.utsa.edu/faculty/""]",CS in College of Sciences; cs.utsa.edu old domain; growing R1,True
University of Arkansas,Computer Science and Computer Engineering,"[""https://engineering.uark.edu/computer-science-computer-engineering/people/faculty/"", ""http://www.csce.uark.edu/faculty/"", ""http://www.csce.uark.edu/people/faculty/"", ""http://www.csce.uark.edu/""]",CSCE dept in College of Engineering; csce.uark.edu old domain; Fayetteville; base domain added for CDX wildcard coverage,True
UC Riverside,Computer Science and Engineering,"[""https://www1.cs.ucr.edu/people/faculty"", ""https://www1.cs.ucr.edu/about/faculty-directory/"", ""http://www.cs.ucr.edu/people/faculty/"", ""http://www.cs.ucr.edu/faculty/""]",UC system; CS/CSE dept; www1.cs.ucr.edu unusual subdomain; growing R1 program,True
UC Santa Cruz,Computer Science and Engineering,"[""https://www.soe.ucsc.edu/departments/computer-science/people/faculty"", ""http://www.cs.ucsc.edu/people/faculty/"", ""http://www.cs.ucsc.edu/faculty/""]",CS in Baskin School of Engineering (SOE); old domain www.cs.ucsc.edu,True
Arizona State University,Computer Science (SCAI / CIDSE),"[""https://faculty.engineering.asu.edu/directory/scai/computer-science-and-engineering/"", ""https://faculty.engineering.asu.edu/directory/scai/rank/"", ""http://www.public.asu.edu/~agein/faculty.html"", ""https://cidse.engineering.asu.edu/faculty/"", ""https://engineering.asu.edu/computer-science-engineering/people/faculty/""]","Large R1; CS in SCAI (School of Computing and AI) since ~2023, previously CIDSE; main Tempe campus; /directory/scai/rank/ is same Fulton faculty directory, faculty-by-rank view (useful CDX union with discipline listing)",True
University of Georgia,Computer Science (School of Computing),"[""https://computing.uga.edu/directory/faculty"", ""https://www.cs.uga.edu/directory/faculty"", ""http://www.cs.uga.edu/directory/faculty"", ""http://www.cs.uga.edu/people/faculty""]",Athens campus; dept rebranded as 'School of Computing' (computing.uga.edu); old cs.uga.edu domain; ~47 faculty on page (Apr 2026),True
Georgia State University,Computer Science,"[""https://csds.gsu.edu/directory/?wpvcomputerscienceroles=core-faculty&wpv_aux_current_post_id=329&wpv_view_count=5249-TCPID329"", ""https://csds.gsu.edu/directory/"", ""http://www.cs.gsu.edu/faculty/"", ""http://www.cs.gsu.edu/people/faculty/""]",Atlanta urban R1; separate from Georgia Tech; CS dept in College of Arts & Sciences,True
Florida International University,Computer Science,"[""https://www.cs.fiu.edu/faculty/"", ""https://www.cis.fiu.edu/faculty-staff/"", ""http://www.cs.fiu.edu/faculty/""]",Miami-area R1; CS in College of Engineering & Computing; large Hispanic-serving institution,True
University of Alabama Birmingham,Computer Science,"[""https://www.uab.edu/cas/computerscience/people/faculty-directory"", ""http://www.cis.uab.edu/people/faculty/"", ""https://www.uab.edu/cas/computerscience/faculty""]",UAB; R1 research university; CS in College of Engineering,True
Virginia Commonwealth University,Computer Science,"[""https://egr.vcu.edu/departments/computer-science/people/faculty/"", ""https://egr.vcu.edu/departments/computer-science/people/"", ""http://www.cs.vcu.edu/about/people/faculty.html"", ""https://www.cs.vcu.edu/about/people/"", ""http://computer-science.egr.vcu.edu/faculty/""]",Richmond VA; urban R1; CS in College of Engineering,True
University of Texas El Paso,Computer Science,"[""https://www.utep.edu/science/computational-science/people/faculty-and-staff.html"", ""http://www.cs.utep.edu/people/faculty/"", ""http://cs.utep.edu/people/faculty/""]",UTEP; border R1; Hispanic-serving institution; CS dept in College of Engineering,True
University of New Mexico,Computer Science,"[""https://cs.unm.edu/people/faculty/"", ""http://www.cs.unm.edu/people/faculty/"", ""http://www.cs.unm.edu/~faculty/""]",Albuquerque R1; CS dept in School of Engineering; long-standing program,True
Baylor University,Computer Science,"[""https://www.baylor.edu/cs/index.php?id=6"", ""https://www.ecs.baylor.edu/cs/index.php?id=6"", ""https://www.ecs.baylor.edu/departments/computer-science/computer-science-faculty""]",Waco TX; cs.baylor.edu/ homepage was ~1.8KB redirect-only in Wayback — removed,True
University of Louisville,Computer Science and Engineering,"[""https://engineering.louisville.edu/academics/departments/cse/faculty/"", ""https://engineering.louisville.edu/academics/faculty/"", ""http://www.cecs.louisville.edu/ece/about/faculty-and-staff/"", ""http://www.cecs.louisville.edu/cs/people/faculty/""]","Kentucky R1; CSE in J.B. Speed School of Engineering; NOTE: engineering.louisville.edu/academics/faculty/ is full-college page (all depts, paginated 14 pages) — CS-specific dept URL preferred; CS dept alt added for Wayback coverage",True
New Jersey Institute of Technology,Computer Science,"[""https://cs.njit.edu/faculty"", ""http://www.cs.njit.edu/faculty/"", ""https://computing.njit.edu/faculty"", ""http://ece.njit.edu/people/ece_faculty_alpha.php""]",NJIT; Newark NJ; public polytechnic R1; strong CS/CE programs,True
University of Cincinnati,Computer Science,"[""https://www.ceas.uc.edu/academics/departments/computer-science/computer-science-people.html"", ""https://eecs.ceas.uc.edu/people/faculty/"", ""http://www.eecs.uc.edu/people/faculty/"", ""http://www.ece.uc.edu/people/faculty/""]",Ohio R1; CS dept in CEAS; ~17 primary + secondary faculty on page (Apr 2026); dept head Justin Zhan; old eecs.ceas.uc.edu path now separate,True
Michigan Technological University,Computer Science,"[""https://www.mtu.edu/cs/department/faculty-staff/"", ""http://www.cs.mtu.edu/people/faculty/"", ""https://www.mtu.edu/cs/faculty/""]",Houghton MI; public R1; strong CS and engineering programs,True
University of Massachusetts Lowell,Computer Science,"[""https://www.uml.edu/sciences/computer-science/faculty/"", ""http://www.cs.uml.edu/faculty/"", ""http://www.cs.uml.edu/people/faculty/""]",UMass Lowell; R1 commuter research university; CS in College of Sciences,True
University of New Hampshire,Computer Science,"[""https://ceps.unh.edu/computer-science/faculty-staff-directory"", ""https://www.cs.unh.edu/people/faculty"", ""http://www.cs.unh.edu/people/faculty/"", ""http://www.cs.unh.edu/faculty/""]",Durham NH; flagship NH R1; CS in College of Engineering & Physical Sciences,True
University of Rhode Island,Computer Science and Statistics,"[""https://web.uri.edu/cs/people/"", ""http://www.cs.uri.edu/faculty/"", ""http://www.cs.uri.edu/people/faculty/""]",Kingston RI; flagship RI R1; CS in College of Arts & Sciences,True
University of Colorado Denver,Computer Science and Engineering,"[""https://engineering.ucdenver.edu/computer-science-and-engineering/faculty-and-staff"", ""http://www.cs.ucdenver.edu/people/faculty/"", ""https://cse.ucdenver.edu/faculty/""]",UC Denver; urban R1; separate from CU Boulder; CSE in College of Engineering,True
Colorado School of Mines,Computer Science,"[""https://cs.mines.edu/faculty-and-staff/"", ""http://www.cs.mines.edu/faculty/"", ""http://www.cs.mines.edu/people/faculty/""]",Golden CO; STEM-focused public R1; CS dept in College of Engineering,True
Utah State University,Computer Science,"[""https://engineering.usu.edu/cs/directory/faculty/"", ""https://cs.usu.edu/people/faculty/index"", ""https://engineering.usu.edu/cs/faculty/"", ""http://www.cs.usu.edu/faculty/"", ""https://www.cs.usu.edu/people/faculty/""]",Logan UT; R1 land-grant; CS in College of Engineering; strong aerospace/defense ties,True
North Dakota State University,Computer Science,"[""https://www.ndsu.edu/cs/people/faculty/"", ""http://www.cs.ndsu.nodak.edu/faculty/"", ""http://www.ndsu.edu/cs/people/""]",Fargo ND; land-grant R1; CS dept in College of Engineering,True
University of Mississippi,Computer and Information Science,"[""https://cs.olemiss.edu/people/"", ""http://www.cs.olemiss.edu/people/"", ""http://www.cs.olemiss.edu/faculty/""]",Ole Miss; Oxford MS; R1 flagship; CS/CIS in School of Engineering,True
University of Memphis,Computer Science,"[""https://www.memphis.edu/cs/people/"", ""http://www.cs.memphis.edu/about/faculty.php"", ""http://www.cs.memphis.edu/people/faculty/""]",Memphis TN; urban R1; CS in Herff College of Engineering,True
San Diego State University,Computer Science,"[""https://www.cs.sdsu.edu/people/"", ""http://www.cs.sdsu.edu/people/"", ""http://www.cs.sdsu.edu/faculty/""]",San Diego CA; CSU system R1; large CS program; close to UC San Diego,True
Portland State University,Computer Science,"[""https://www.pdx.edu/computer-science/faculty-and-staff-directory"", ""https://www.pdx.edu/engineering/directory"", ""http://www.cs.pdx.edu/people/faculty/"", ""http://www.cs.pdx.edu/faculty/""]",Portland OR; urban R1; CS in Maseeh College of Engineering; strong systems/PL group,True
University of Wisconsin Milwaukee,Computer Science,"[""https://uwm.edu/engineering/people-category/faculty/computer-science/"", ""http://www.cs.uwm.edu/people/faculty/"", ""https://uwm.edu/engineering/ece/faculty/"", ""http://www.cs.uwm.edu/html/csFaculty.html"", ""http://www.cs.uwm.edu/html/csStaff.html""]",Milwaukee WI; UW system R1; separate from UW-Madison; CS in College of Engineering,True
Princeton University,Computer Science,"[""https://www.cs.princeton.edu/people/faculty"", ""http://www.cs.princeton.edu/people/faculty"", ""http://www.cs.princeton.edu/faculty/""]","Princeton NJ; Ivy League R1; strong theory, systems, ML; old domain cs.princeton.edu stable",True
Washington University in St. Louis,Computer Science & Engineering,"[""https://cse.wustl.edu/faculty/Pages/default.aspx"", ""http://www.cse.wustl.edu/people/faculty/""]",St. Louis MO; private R1; CSE dept in McKelvey School of Engineering; strong systems/networking,True
Northeastern University,Computer Science (Khoury College of Computer Sciences),"[""https://www.khoury.northeastern.edu/people/?position=faculty"", ""https://www.khoury.northeastern.edu/people/"", ""http://www.ccs.neu.edu/people/faculty/""]",Boston MA; private R1; Khoury College (renamed from CCIS 2017); strong co-op model; all faculty types on people page,True
California Institute of Technology,Computing + Mathematical Sciences,"[""https://www.cms.caltech.edu/people/faculty"", ""https://www.cms.caltech.edu/people"", ""http://www.cms.caltech.edu/people/faculty""]","Pasadena CA; private R1; CMS dept covers CS, Control & Dynamical Systems, and math-CS; very small but elite faculty",True
Brigham Young University,Computer Science,"[""https://cs.byu.edu/department/directories/faculty-directory/"", ""https://cs.byu.edu/department/directory/"", ""http://www.cs.byu.edu/faculty/""]",Provo UT; private R1 (LDS-affiliated); CS in College of Computational Mathematical & Physical Sciences,True
University of Illinois Chicago,Computer Science,"[""https://cs.uic.edu/faculty/"", ""http://www.cs.uic.edu/people/faculty/"", ""http://www.cs.uic.edu/faculty/""]",Chicago IL; UIC is the urban flagship R1 of the U of Illinois system; separate from UIUC; strong data mining/NLP group,True
University of Miami,Computer Science,"[""https://www.as.miami.edu/csc/faculty/people/faculty/index.html"", ""http://www.cs.miami.edu/home/faculty/index.html"", ""http://www.as.miami.edu/csc/faculty/people/faculty/index.html"", ""https://csc.as.miami.edu/people/index.html""]","Coral Gables FL; private R1; CS in College of Arts & Sciences; research spans ML, bioinformatics, algorithms",True
Southern Methodist University,Computer Science,"[""https://www.smu.edu/lyle/departments/cs/people/faculty"", ""http://www.cs.smu.edu/people/faculty/""]",Dallas TX; private R1; CS in Lyle School of Engineering; strength in cybersecurity (Deason Institute) and AI,True
Georgetown University,Computer Science,"[""https://cs.georgetown.edu/faculty/"", ""http://www.cs.georgetown.edu/faculty/"", ""http://cs.georgetown.edu/people/faculty/""]","Washington DC; Jesuit private R1; small CS dept; strong security (Blaze, Nissim) and NLP groups",True
University of North Carolina Charlotte,Computer Science (College of Computing and Informatics),"[""https://cci.charlotte.edu/departments/department-of-computer-science/about-computer-science/cs-faculty/"", ""https://cci.charlotte.edu/directory/faculty/"", ""http://www.cci.uncc.edu/faculty/""]","Charlotte NC; public R1; CS in College of Computing and Informatics; ~40 full-time faculty; strength in visualization, HPC",True
Missouri University of Science and Technology,Computer Science,"[""https://cs.mst.edu/people/faculty-directory/"", ""http://cs.mst.edu/people/faculty-directory/"", ""http://www.cs.mst.edu/people/faculty/""]","Rolla MO; public R1 (UM system); oldest CS program in Missouri; strength in cybersecurity, networks, HPC",True
University at Albany SUNY,Computer Science,"[""https://www.albany.edu/computer-science/faculty-staff"", ""https://www.albany.edu/computer-science/faculty"", ""http://www.cs.albany.edu/faculty.shtml"", ""http://www.cs.albany.edu/people/faculty/""]","Albany NY; SUNY flagship R1; CS in College of Engineering & Applied Sciences; strength in cybersecurity, algorithms",True
Kent State University,Computer Science,"[""https://www.kent.edu/cs/faculty-staff"", ""http://www.cs.kent.edu/faculty/"", ""http://www.cs.kent.edu/people/""]","Kent OH; public R1; CS dept in Mathematical Sciences Building; PhD program active; strength in distributed systems, algorithms",True
Boston College,Computer Science,"[""https://www.bc.edu/content/bc-web/schools/morrissey/departments/computer-science/people/faculty.html"", ""https://www.bc.edu/content/bc-web/schools/mcas/departments/computer-science/faculty-and-research.html"", ""http://www.cs.bc.edu/people/faculty/"", ""https://www.bc.edu/bc-web/schools/morrissey/departments/computer-science/people.html""]",Chestnut Hill MA; Jesuit private R1; CS in Morrissey College of Arts & Sciences (formerly MCAS); relatively small dept,True
Howard University,Electrical Engineering and Computer Science,"[""https://cea.howard.edu/academics/departments/electrical-engineering-and-computer-science/people-eecs"", ""http://www.eece.cea.howard.edu/faculty"", ""http://www.cs.howard.edu/faculty/""]",Washington DC; private HBCU R1; EECS dept in College of Engineering & Architecture; strong cybersecurity and data science group,True
Brandeis University,Computer Science (Michtom School),"[""https://www.brandeis.edu/computer-science/people/index.html"", ""https://www.brandeis.edu/facultyguide/department.html?deptid=16600"", ""http://www.cs.brandeis.edu/people/faculty.html""]","Waltham MA; private R1; Michtom School of CS (~12 research faculty); strong AI, theory, verification; Boston-area consortium access",True
Florida Atlantic University,Electrical Engineering and Computer Science,"[""https://www.fau.edu/engineering/eecs/directory/"", ""https://www.fau.edu/engineering/directory/"", ""http://www.cse.fau.edu/faculty/"", ""http://www.fau.edu/engineering/eecs/faculty/""]","Boca Raton FL; public R1; EECS dept in College of Engineering; ~30 CS/EE faculty; strength in machine learning, cybersecurity, robotics",True
Indiana University Indianapolis,Computer Science (Luddy School),"[""https://luddy.indianapolis.iu.edu/about/departments/cs/index.html"", ""https://luddy.indianapolis.iu.edu/contact/directory/index.html"", ""http://soic.iupui.edu/people/"", ""http://www.cs.iupui.edu/people/faculty.shtml""]","Indianapolis IN; public R1; formerly IUPUI; Luddy School of Informatics, Computing & Engineering; large school with CS, HCI, informatics, data science",True
University of Louisiana at Lafayette,Computer Science (School of Computing and Informatics),"[""https://computing.louisiana.edu/about-us/faculty-staff-0"", ""https://computing.louisiana.edu/"", ""http://www.cacs.louisiana.edu/people/faculty/"", ""http://computing.louisiana.edu/faculty/""]","Lafayette LA; public R1 (LS system); Center for Advanced Computer Studies; strong AI/ML, bioinformatics, data mining group; active PhD program",True
University of Denver,Computer Science (Ritchie School),"[""https://ritchieschool.du.edu/computer-science/cs-faculty-people"", ""https://ritchieschool.du.edu/resources/facultystaff"", ""http://cs.du.edu/people/faculty/"", ""http://www.cs.du.edu/faculty/""]","Denver CO; private R1; CS in Ritchie School of Engineering & Computer Science; solid mid-size dept; strength in AI, cybersecurity, HCI",True
Loyola University Chicago,Computer Science,"[""https://www.luc.edu/cs/aboutus/people/full-timefaculty/"", ""https://www.luc.edu/cs/"", ""http://www.cs.luc.edu/people/"", ""http://www.cs.luc.edu/faculty/""]","Chicago IL; Jesuit private R1; CS dept active PhD program; strength in cybersecurity (Deason Institute), SE, distributed systems",True
Northern Arizona University,"Computer Science (School of Informatics, Computing, and Cyber Systems)","[""https://in.nau.edu/school-informatics-computing-cyber-systems/faculty/"", ""https://nau.edu/school-of-informatics-computing-and-cyber-systems/faculty/"", ""http://www.nau.edu/siccs/faculty/"", ""http://nau.edu/informatics/faculty/""]","Flagstaff AZ; public R1; SICCS school covers CS, cybersecurity, bioinformatics; growing PhD program; strength in environmental/climate informatics",True
Ohio University,Electrical Engineering and Computer Science,"[""https://www.ohio.edu/engineering/eecs/about/contact/faculty"", ""https://www.ohio.edu/engineering/eecs/people"", ""http://www.cs.ohiou.edu/people/faculty/"", ""http://www.eecs.ohio.edu/faculty/""]","Athens OH; public R1 (Ohio flagship); EECS dept in Stocker Center; active CS PhD program; strength in distributed systems, AI, networking",True
University of Massachusetts Boston,Computer Science,"[""https://www.cs.umb.edu/faculty"", ""https://www.umb.edu/science-mathematics/academic-departments/computer-science/faculty-staff/"", ""http://www.cs.umb.edu/faculty.html"", ""http://www.cs.umb.edu/people/faculty/""]","Boston MA; public R1 (UMass system); urban commuter campus; CS active PhD program; strength in data management, ML, algorithms",True
University of Toledo,Electrical Engineering and Computer Science,"[""https://www.utoledo.edu/engineering/electrical-engineering-computer-science/people/"", ""https://www.utoledo.edu/engineering/electrical-engineering-computer-science/department-directory.html"", ""http://www.eecs.utoledo.edu/faculty/"", ""http://www.utoledo.edu/engineering/eecs/faculty/""]","Toledo OH; public R1; EECS dept in College of Engineering; solid PhD program; strength in AI, embedded systems, signal processing",True
University of Missouri Kansas City,Computer Science and Information Technology,"[""https://sse.umkc.edu/about-us/computer-science-and-information-technologydirectory.html"", ""https://sse.umkc.edu/"", ""http://www.cs.umkc.edu/people/faculty/"", ""http://cs.umkc.edu/faculty/""]","Kansas City MO; public R1 (UM system); CS/IT in School of Science & Engineering; PhD program; interdisciplinary research in data science, cybersecurity",True
University of North Dakota,Computer Science (School of Electrical Engineering & Computer Science),"[""https://engineering.und.edu/academics/electrical-and-computer-science/faculty.html"", ""https://campus.und.edu/directory/index.html"", ""http://www.cs.und.edu/faculty/"", ""http://www.cs.und.edu/people/""]","Grand Forks ND; public R1 (ND flagship); SEECS dept in College of Engineering & Mines; CS PhD program; strength in networking, autonomous systems",True
University of Southern Mississippi,Computer Science (School of Computing Sciences and Computer Engineering),"[""https://www.usm.edu/computing-sciences-computer-engineering/directory.php"", ""https://www.usm.edu/faculty-directory/index.php"", ""http://www.usm.edu/computing-sciences/faculty.aspx"", ""http://www.cs.usm.edu/people/faculty/""]","Hattiesburg MS; public R1; School of Computing Sciences & Computer Engineering; active PhD; strength in cybersecurity, AI, human-computer interaction",True
University of Maine,Computer Science,"[""https://umaine.edu/cs/people/faculty/"", ""https://umaine.edu/cs/"", ""http://www.cs.umaine.edu/people/faculty/"", ""http://www.cs.umaine.edu/faculty/""]","Orono ME; public R1 (ME flagship); CS in Maine College of Engineering and Computing; relatively small but PhD program active; strength in AI, HCI, robotics",True
